"Step","ppo 0 5 5  - mean_reward","ppo 0 5 5  - mean_reward__MIN","ppo 0 5 5  - mean_reward__MAX"
"0","0.00338576278004058","0.00338576278004058","0.00338576278004058"
"1","-0.039680247586818186","-0.039680247586818186","-0.039680247586818186"
"2","-0.019529531852096344","-0.019529531852096344","-0.019529531852096344"
"3","0.033656747027138556","0.033656747027138556","0.033656747027138556"
"4","0.010020114186593869","0.010020114186593869","0.010020114186593869"
"5","0.032094409815995775","0.032094409815995775","0.032094409815995775"
"6","0.08363195924823265","0.08363195924823265","0.08363195924823265"
"7","-0.08103848620899964","-0.08103848620899964","-0.08103848620899964"
"8","-0.003089929832965843","-0.003089929832965843","-0.003089929832965843"
"9","-0.09581129185814047","-0.09581129185814047","-0.09581129185814047"
"10","0.06978502493170718","0.06978502493170718","0.06978502493170718"
"11","0.028048633646441407","0.028048633646441407","0.028048633646441407"
"12","0.09235069399866822","0.09235069399866822","0.09235069399866822"
"13","-0.05066190760544764","-0.05066190760544764","-0.05066190760544764"
"14","0.055208147838277544","0.055208147838277544","0.055208147838277544"
"15","0.008810594440715816","0.008810594440715816","0.008810594440715816"
"16","0.08734306325816146","0.08734306325816146","0.08734306325816146"
"17","0.02529012341159787","0.02529012341159787","0.02529012341159787"
"18","0.02423412048025686","0.02423412048025686","0.02423412048025686"
"19","-0.04240985466631786","-0.04240985466631786","-0.04240985466631786"
"20","-0.009525209454532635","-0.009525209454532635","-0.009525209454532635"
"21","-0.08088305176752378","-0.08088305176752378","-0.08088305176752378"
"22","0.05772429630852489","0.05772429630852489","0.05772429630852489"
"23","-0.05030078051274778","-0.05030078051274778","-0.05030078051274778"
"24","-0.025396746225533003","-0.025396746225533003","-0.025396746225533003"
"25","0.035822443546392975","0.035822443546392975","0.035822443546392975"
"26","0.011740226387615998","0.011740226387615998","0.011740226387615998"
"27","0.020194759088874723","0.020194759088874723","0.020194759088874723"
"28","-0.05074961276260061","-0.05074961276260061","-0.05074961276260061"
"29","0.04651155544853571","0.04651155544853571","0.04651155544853571"
"30","-0.010130589312900054","-0.010130589312900054","-0.010130589312900054"
"31","-0.03394863233362224","-0.03394863233362224","-0.03394863233362224"
"32","0.02490977584521143","0.02490977584521143","0.02490977584521143"
"33","0.08926587671007752","0.08926587671007752","0.08926587671007752"
"34","0.06931052085582697","0.06931052085582697","0.06931052085582697"
"35","0.1166651262383988","0.1166651262383988","0.1166651262383988"
"36","0.009140703402048384","0.009140703402048384","0.009140703402048384"
"37","-0.07273038297089786","-0.07273038297089786","-0.07273038297089786"
"38","-0.005893914089324038","-0.005893914089324038","-0.005893914089324038"
"39","0.009300558379943197","0.009300558379943197","0.009300558379943197"
"40","0.005221806881752883","0.005221806881752883","0.005221806881752883"
"41","-0.027731276714248042","-0.027731276714248042","-0.027731276714248042"
"42","-0.006161341649826771","-0.006161341649826771","-0.006161341649826771"
"43","-0.023057476247882472","-0.023057476247882472","-0.023057476247882472"
"44","0.017296887247485706","0.017296887247485706","0.017296887247485706"
"45","0.010249707451754686","0.010249707451754686","0.010249707451754686"
"46","0.005364437733654329","0.005364437733654329","0.005364437733654329"
"47","-0.018660791434505507","-0.018660791434505507","-0.018660791434505507"
"48","-0.020081318339390808","-0.020081318339390808","-0.020081318339390808"
"49","-0.08203453568373739","-0.08203453568373739","-0.08203453568373739"
"50","-0.030219594578338057","-0.030219594578338057","-0.030219594578338057"
"51","-0.005213960509053929","-0.005213960509053929","-0.005213960509053929"
"52","0.019091570143126547","0.019091570143126547","0.019091570143126547"
"53","0.0019376804415672522","0.0019376804415672522","0.0019376804415672522"
"54","-0.017252942137664526","-0.017252942137664526","-0.017252942137664526"
"55","0.007711306948073775","0.007711306948073775","0.007711306948073775"
"56","0.049899437369837166","0.049899437369837166","0.049899437369837166"
"57","-0.04494670023218499","-0.04494670023218499","-0.04494670023218499"
"58","-0.026826677875677864","-0.026826677875677864","-0.026826677875677864"
"59","-0.008484330307202739","-0.008484330307202739","-0.008484330307202739"
"60","0.03806213380717416","0.03806213380717416","0.03806213380717416"
"61","-0.060514989248161205","-0.060514989248161205","-0.060514989248161205"
"62","0.030213355534730386","0.030213355534730386","0.030213355534730386"
"63","-0.07691577670484272","-0.07691577670484272","-0.07691577670484272"
"64","0.011370759616485968","0.011370759616485968","0.011370759616485968"
"65","-0.025931767905039524","-0.025931767905039524","-0.025931767905039524"
"66","0.026769421865762495","0.026769421865762495","0.026769421865762495"
"67","0.03893109460817233","0.03893109460817233","0.03893109460817233"
"68","0.027271636393413883","0.027271636393413883","0.027271636393413883"
"69","-0.022818671915445874","-0.022818671915445874","-0.022818671915445874"
"70","-0.01498242632951274","-0.01498242632951274","-0.01498242632951274"
"71","0.02379501422881958","0.02379501422881958","0.02379501422881958"
"72","0.05777927746183419","0.05777927746183419","0.05777927746183419"
"73","-0.00817111639243432","-0.00817111639243432","-0.00817111639243432"
"74","0.020851654959831198","0.020851654959831198","0.020851654959831198"
"75","-0.010729553489371602","-0.010729553489371602","-0.010729553489371602"
"76","0.11304724717297307","0.11304724717297307","0.11304724717297307"
"77","-0.019097182761173448","-0.019097182761173448","-0.019097182761173448"
"78","0.07399385684467004","0.07399385684467004","0.07399385684467004"
"79","0.052510776974008855","0.052510776974008855","0.052510776974008855"
"80","0.04633992575124168","0.04633992575124168","0.04633992575124168"
"81","0.018138006802231068","0.018138006802231068","0.018138006802231068"
"82","0.07710019350977732","0.07710019350977732","0.07710019350977732"
"83","-0.06246120891310901","-0.06246120891310901","-0.06246120891310901"
"84","0.004781244361424543","0.004781244361424543","0.004781244361424543"
"85","0.037622067114897094","0.037622067114897094","0.037622067114897094"
"86","-0.006006536583011592","-0.006006536583011592","-0.006006536583011592"
"87","0.0453052545685425","0.0453052545685425","0.0453052545685425"
"88","0.06926183416198493","0.06926183416198493","0.06926183416198493"
"89","0.03480196738809678","0.03480196738809678","0.03480196738809678"
"90","0.00022977345800830233","0.00022977345800830233","0.00022977345800830233"
"91","-0.0031238983246455053","-0.0031238983246455053","-0.0031238983246455053"
"92","0.03629297415486019","0.03629297415486019","0.03629297415486019"
"93","-0.03616882635285461","-0.03616882635285461","-0.03616882635285461"
"94","0.03973679072287897","0.03973679072287897","0.03973679072287897"
"95","0.02919293463895911","0.02919293463895911","0.02919293463895911"
"96","0.02187938346823509","0.02187938346823509","0.02187938346823509"
"97","0.02895292208204889","0.02895292208204889","0.02895292208204889"
"98","0.010074827245509687","0.010074827245509687","0.010074827245509687"
"99","-0.00992748192977916","-0.00992748192977916","-0.00992748192977916"
"100","-0.0221843091043661","-0.0221843091043661","-0.0221843091043661"
"101","0.05280370090819263","0.05280370090819263","0.05280370090819263"
"102","0.020469775535399755","0.020469775535399755","0.020469775535399755"
"103","0.03566695420573819","0.03566695420573819","0.03566695420573819"
"104","0.013653810706887343","0.013653810706887343","0.013653810706887343"
"105","0.017412538954991993","0.017412538954991993","0.017412538954991993"
"106","0.0504664975605067","0.0504664975605067","0.0504664975605067"
"107","0.023217672058673894","0.023217672058673894","0.023217672058673894"
"108","0.0005007577657841312","0.0005007577657841312","0.0005007577657841312"
"109","0.019463059141415995","0.019463059141415995","0.019463059141415995"
"110","0.0012522001223125925","0.0012522001223125925","0.0012522001223125925"
"111","-0.03734080407338679","-0.03734080407338679","-0.03734080407338679"
"112","0.06150932884855333","0.06150932884855333","0.06150932884855333"
"113","0.03206433045143746","0.03206433045143746","0.03206433045143746"
"114","0.05372962569026226","0.05372962569026226","0.05372962569026226"
"115","0.008325626954844756","0.008325626954844756","0.008325626954844756"
"116","0.045464496361030345","0.045464496361030345","0.045464496361030345"
"117","0.03753887536561388","0.03753887536561388","0.03753887536561388"
"118","0.07387603298310294","0.07387603298310294","0.07387603298310294"
"119","0.0028310020688778487","0.0028310020688778487","0.0028310020688778487"
"120","0.04743594521366397","0.04743594521366397","0.04743594521366397"
"121","0.06996934940166323","0.06996934940166323","0.06996934940166323"
"122","0.08926021605263326","0.08926021605263326","0.08926021605263326"
"123","0.05578791223071183","0.05578791223071183","0.05578791223071183"
"124","0.036396541419789534","0.036396541419789534","0.036396541419789534"
"125","0.016592233982520906","0.016592233982520906","0.016592233982520906"
"126","0.0026269403611550637","0.0026269403611550637","0.0026269403611550637"
"127","0.12022681729175977","0.12022681729175977","0.12022681729175977"
"128","0.006487391401765889","0.006487391401765889","0.006487391401765889"
"129","-0.0007777365601834185","-0.0007777365601834185","-0.0007777365601834185"
"130","0.005780809539616316","0.005780809539616316","0.005780809539616316"
"131","0.01804730579074118","0.01804730579074118","0.01804730579074118"
"132","0.08028329188230807","0.08028329188230807","0.08028329188230807"
"133","0.03042004732854004","0.03042004732854004","0.03042004732854004"
"134","0.04113728188502825","0.04113728188502825","0.04113728188502825"
"135","0.021900393133414027","0.021900393133414027","0.021900393133414027"
"136","0.10129382763530834","0.10129382763530834","0.10129382763530834"
"137","0.0974866035249498","0.0974866035249498","0.0974866035249498"
"138","0.0056224025681811006","0.0056224025681811006","0.0056224025681811006"
"139","0.04958220304925887","0.04958220304925887","0.04958220304925887"
"140","0.044228405886074434","0.044228405886074434","0.044228405886074434"
"141","0.08511238373285451","0.08511238373285451","0.08511238373285451"
"142","0.06609456410602793","0.06609456410602793","0.06609456410602793"
"143","0.01746865216628825","0.01746865216628825","0.01746865216628825"
"144","0.08326631685947081","0.08326631685947081","0.08326631685947081"
"145","0.07340914307080405","0.07340914307080405","0.07340914307080405"
"146","0.03043418765085068","0.03043418765085068","0.03043418765085068"
"147","0.08960610630913354","0.08960610630913354","0.08960610630913354"
"148","0.056448020556616414","0.056448020556616414","0.056448020556616414"
"149","0.05502484747310308","0.05502484747310308","0.05502484747310308"
"150","0.012046583145822453","0.012046583145822453","0.012046583145822453"
"151","0.07341972513320158","0.07341972513320158","0.07341972513320158"
"152","0.11229933971916062","0.11229933971916062","0.11229933971916062"
"153","0.08688239290253845","0.08688239290253845","0.08688239290253845"
"154","0.025174733343336773","0.025174733343336773","0.025174733343336773"
"155","0.009072979628615719","0.009072979628615719","0.009072979628615719"
"156","0.05591812393776592","0.05591812393776592","0.05591812393776592"
"157","0.02657181519370465","0.02657181519370465","0.02657181519370465"
"158","0.037294403496833564","0.037294403496833564","0.037294403496833564"
"159","0.10675719618457676","0.10675719618457676","0.10675719618457676"
"160","0.0717848888805891","0.0717848888805891","0.0717848888805891"
"161","0.04383726116838346","0.04383726116838346","0.04383726116838346"
"162","0.04763336100656549","0.04763336100656549","0.04763336100656549"
"163","0.06417319384809059","0.06417319384809059","0.06417319384809059"
"164","0.1289758760414621","0.1289758760414621","0.1289758760414621"
"165","0.10050899122581301","0.10050899122581301","0.10050899122581301"
"166","0.08989610351308526","0.08989610351308526","0.08989610351308526"
"167","-0.009554794869208086","-0.009554794869208086","-0.009554794869208086"
"168","0.045550178977288205","0.045550178977288205","0.045550178977288205"
"169","0.10214531075638188","0.10214531075638188","0.10214531075638188"
"170","0.0705738442010735","0.0705738442010735","0.0705738442010735"
"171","0.10351660340538113","0.10351660340538113","0.10351660340538113"
"172","0.0859997623963013","0.0859997623963013","0.0859997623963013"
"173","0.07460370364279639","0.07460370364279639","0.07460370364279639"
"174","0.04269266681824283","0.04269266681824283","0.04269266681824283"
"175","0.08297229867801846","0.08297229867801846","0.08297229867801846"
"176","0.08708604377543652","0.08708604377543652","0.08708604377543652"
"177","0.07824614938898455","0.07824614938898455","0.07824614938898455"
"178","0.12883696275993461","0.12883696275993461","0.12883696275993461"
"179","0.07931468405042376","0.07931468405042376","0.07931468405042376"
"180","0.0927412230072778","0.0927412230072778","0.0927412230072778"
"181","0.09571013454837579","0.09571013454837579","0.09571013454837579"
"182","0.09361698104689879","0.09361698104689879","0.09361698104689879"
"183","0.027981695991692996","0.027981695991692996","0.027981695991692996"
"184","0.07241733206642999","0.07241733206642999","0.07241733206642999"
"185","0.02989326197020437","0.02989326197020437","0.02989326197020437"
"186","0.010621309567698075","0.010621309567698075","0.010621309567698075"
"187","0.040954003215074135","0.040954003215074135","0.040954003215074135"
"188","0.09217731315483543","0.09217731315483543","0.09217731315483543"
"189","0.07613945115037518","0.07613945115037518","0.07613945115037518"
"190","0.047174148308714046","0.047174148308714046","0.047174148308714046"
"191","0.07252833666494032","0.07252833666494032","0.07252833666494032"
"192","0.03416956069575385","0.03416956069575385","0.03416956069575385"
"193","0.010666606894707466","0.010666606894707466","0.010666606894707466"
"194","0.1156186767447068","0.1156186767447068","0.1156186767447068"
"195","0.0014765367670459303","0.0014765367670459303","0.0014765367670459303"
"196","-0.0024145848194241587","-0.0024145848194241587","-0.0024145848194241587"
"197","-0.010887609214766456","-0.010887609214766456","-0.010887609214766456"
"198","0.05002843916578399","0.05002843916578399","0.05002843916578399"
"199","0.024847708238222656","0.024847708238222656","0.024847708238222656"
"200","0.05159065849949128","0.05159065849949128","0.05159065849949128"
"201","-0.026212014944365175","-0.026212014944365175","-0.026212014944365175"
"202","-0.026846292823629055","-0.026846292823629055","-0.026846292823629055"
"203","0.0713722107461014","0.0713722107461014","0.0713722107461014"
"204","0.06952788160913513","0.06952788160913513","0.06952788160913513"
"205","-0.002939100563537925","-0.002939100563537925","-0.002939100563537925"
"206","0.15876017579957438","0.15876017579957438","0.15876017579957438"
"207","0.06935505310310507","0.06935505310310507","0.06935505310310507"
"208","0.04419784220814951","0.04419784220814951","0.04419784220814951"
"209","0.024961110906349795","0.024961110906349795","0.024961110906349795"
"210","0.09548806026740271","0.09548806026740271","0.09548806026740271"
"211","0.06280830123370643","0.06280830123370643","0.06280830123370643"
"212","-0.009489671400582789","-0.009489671400582789","-0.009489671400582789"
"213","0.09668878252160026","0.09668878252160026","0.09668878252160026"
"214","0.04484617176308437","0.04484617176308437","0.04484617176308437"
"215","0.08384672320931189","0.08384672320931189","0.08384672320931189"
"216","0.032054409247014","0.032054409247014","0.032054409247014"
"217","0.0973492913902783","0.0973492913902783","0.0973492913902783"
"218","-0.013515638155855473","-0.013515638155855473","-0.013515638155855473"
"219","0.04076346517959231","0.04076346517959231","0.04076346517959231"
"220","0.07596330108369538","0.07596330108369538","0.07596330108369538"
"221","0.08192141158530393","0.08192141158530393","0.08192141158530393"
"222","0.10940466789318264","0.10940466789318264","0.10940466789318264"
"223","0.07736110175911382","0.07736110175911382","0.07736110175911382"
"224","0.04167008609936328","0.04167008609936328","0.04167008609936328"
"225","0.008129131655392405","0.008129131655392405","0.008129131655392405"
"226","0.11192746206728883","0.11192746206728883","0.11192746206728883"
"227","0.058442441102546504","0.058442441102546504","0.058442441102546504"
"228","0.020131730536071396","0.020131730536071396","0.020131730536071396"
"229","0.05093399652048003","0.05093399652048003","0.05093399652048003"
"230","0.06044609758452306","0.06044609758452306","0.06044609758452306"
"231","0.026994521916890477","0.026994521916890477","0.026994521916890477"
"232","0.12169002764433749","0.12169002764433749","0.12169002764433749"
"233","0.033707090256170746","0.033707090256170746","0.033707090256170746"
"234","0.1418654855490885","0.1418654855490885","0.1418654855490885"
"235","0.023126336614222066","0.023126336614222066","0.023126336614222066"
"236","0.061617611030471385","0.061617611030471385","0.061617611030471385"
"237","0.028033301135600187","0.028033301135600187","0.028033301135600187"
"238","0.04906589454301971","0.04906589454301971","0.04906589454301971"
"239","0.09622216197285416","0.09622216197285416","0.09622216197285416"
"240","0.05337844164167075","0.05337844164167075","0.05337844164167075"
"241","0.05713755862090387","0.05713755862090387","0.05713755862090387"
"242","0.04492109308984555","0.04492109308984555","0.04492109308984555"
"243","0.06425445041445525","0.06425445041445525","0.06425445041445525"
"244","0.10848708851345469","0.10848708851345469","0.10848708851345469"
"245","0.09013843583682227","0.09013843583682227","0.09013843583682227"
"246","0.1307981646754587","0.1307981646754587","0.1307981646754587"
"247","0.01746345521799221","0.01746345521799221","0.01746345521799221"
"248","0.05848186515713993","0.05848186515713993","0.05848186515713993"
"249","0.08048588534951222","0.08048588534951222","0.08048588534951222"
"250","0.037135727137116756","0.037135727137116756","0.037135727137116756"
"251","0.07768319806049713","0.07768319806049713","0.07768319806049713"
"252","0.08020306689730637","0.08020306689730637","0.08020306689730637"
"253","-0.030447345958167282","-0.030447345958167282","-0.030447345958167282"
"254","0.0035165887104520325","0.0035165887104520325","0.0035165887104520325"
"255","0.02226734120298185","0.02226734120298185","0.02226734120298185"
"256","0.07080745477895518","0.07080745477895518","0.07080745477895518"
"257","0.0705544238258133","0.0705544238258133","0.0705544238258133"
"258","0.03747811786898268","0.03747811786898268","0.03747811786898268"
"259","0.07665199368864624","0.07665199368864624","0.07665199368864624"
"260","0.05696428726617803","0.05696428726617803","0.05696428726617803"
"261","0.06332094399823278","0.06332094399823278","0.06332094399823278"
"262","0.01881289430524035","0.01881289430524035","0.01881289430524035"
"263","0.10784034339154311","0.10784034339154311","0.10784034339154311"
"264","0.09791215280868527","0.09791215280868527","0.09791215280868527"
"265","0.06928716823649139","0.06928716823649139","0.06928716823649139"
"266","0.06267878443950763","0.06267878443950763","0.06267878443950763"
"267","0.05058774784293426","0.05058774784293426","0.05058774784293426"
"268","0.046869523619691315","0.046869523619691315","0.046869523619691315"
"269","0.04329140608263151","0.04329140608263151","0.04329140608263151"
"270","0.04749827672535591","0.04749827672535591","0.04749827672535591"
"271","0.06383475324051684","0.06383475324051684","0.06383475324051684"
"272","-0.006826481880378426","-0.006826481880378426","-0.006826481880378426"
"273","0.020376164731663145","0.020376164731663145","0.020376164731663145"
"274","0.12345910301952658","0.12345910301952658","0.12345910301952658"
"275","0.0019038131984612445","0.0019038131984612445","0.0019038131984612445"
"276","0.006406224847385375","0.006406224847385375","0.006406224847385375"
"277","0.07391243239137935","0.07391243239137935","0.07391243239137935"
"278","0.010351549359988606","0.010351549359988606","0.010351549359988606"
"279","0.027637516902756665","0.027637516902756665","0.027637516902756665"
"280","0.029532373261665232","0.029532373261665232","0.029532373261665232"
"281","0.046692824378510446","0.046692824378510446","0.046692824378510446"
"282","0.07557512291576368","0.07557512291576368","0.07557512291576368"
"283","-0.045162196481166324","-0.045162196481166324","-0.045162196481166324"
"284","0.0948179675335559","0.0948179675335559","0.0948179675335559"
"285","0.052497472029831536","0.052497472029831536","0.052497472029831536"
"286","0.05631226145285946","0.05631226145285946","0.05631226145285946"
"287","0.10938222671016994","0.10938222671016994","0.10938222671016994"
"288","0.0346199783872842","0.0346199783872842","0.0346199783872842"
"289","0.07601780825879507","0.07601780825879507","0.07601780825879507"
"290","0.0879582976661823","0.0879582976661823","0.0879582976661823"
"291","0.04575172896603919","0.04575172896603919","0.04575172896603919"
"292","0.054388635116030364","0.054388635116030364","0.054388635116030364"
"293","0.06156162309242041","0.06156162309242041","0.06156162309242041"
"294","-0.0007175103493978172","-0.0007175103493978172","-0.0007175103493978172"
"295","0.10581159723048256","0.10581159723048256","0.10581159723048256"
"296","0.05524298184959545","0.05524298184959545","0.05524298184959545"
"297","0.021908374207235588","0.021908374207235588","0.021908374207235588"
"298","0.029447081878821908","0.029447081878821908","0.029447081878821908"
"299","0.022636029650304066","0.022636029650304066","0.022636029650304066"
"300","0.08811162124798892","0.08811162124798892","0.08811162124798892"
"301","0.013486800865194905","0.013486800865194905","0.013486800865194905"
"302","0.04147731365968144","0.04147731365968144","0.04147731365968144"
"303","0.0332431088652457","0.0332431088652457","0.0332431088652457"
"304","0.046115539136751676","0.046115539136751676","0.046115539136751676"
"305","0.09540912417490945","0.09540912417490945","0.09540912417490945"
"306","0.07726039660622251","0.07726039660622251","0.07726039660622251"
"307","0.0848805729178114","0.0848805729178114","0.0848805729178114"
"308","0.03571149665055544","0.03571149665055544","0.03571149665055544"
"309","0.14355487393967675","0.14355487393967675","0.14355487393967675"
"310","0.023457733938473863","0.023457733938473863","0.023457733938473863"
"311","0.04588929978191344","0.04588929978191344","0.04588929978191344"
"312","0.04369107876398534","0.04369107876398534","0.04369107876398534"
"313","0.08348949839024307","0.08348949839024307","0.08348949839024307"
"314","0.011234909852181075","0.011234909852181075","0.011234909852181075"
"315","0.08176345082077138","0.08176345082077138","0.08176345082077138"
"316","0.10032518316670803","0.10032518316670803","0.10032518316670803"
"317","0.03568684230166556","0.03568684230166556","0.03568684230166556"
"318","0.04594603104343316","0.04594603104343316","0.04594603104343316"
"319","0.06802271911658354","0.06802271911658354","0.06802271911658354"
"320","0.025112840244188472","0.025112840244188472","0.025112840244188472"
"321","0.03454986632904549","0.03454986632904549","0.03454986632904549"
"322","0.03491726585125307","0.03491726585125307","0.03491726585125307"
"323","0.022655287138472043","0.022655287138472043","0.022655287138472043"
"324","0.037824565288548384","0.037824565288548384","0.037824565288548384"
"325","0.029864133940357793","0.029864133940357793","0.029864133940357793"
"326","0.04590710060533796","0.04590710060533796","0.04590710060533796"
"327","0.03926569342358653","0.03926569342358653","0.03926569342358653"
"328","0.07971316989739223","0.07971316989739223","0.07971316989739223"
"329","0.04944905380871446","0.04944905380871446","0.04944905380871446"
"330","0.1194488016086959","0.1194488016086959","0.1194488016086959"
"331","0.026876687663307867","0.026876687663307867","0.026876687663307867"
"332","0.05399609605863172","0.05399609605863172","0.05399609605863172"
"333","0.075051528493296","0.075051528493296","0.075051528493296"
"334","0.04351138983098517","0.04351138983098517","0.04351138983098517"
"335","0.0804220636949844","0.0804220636949844","0.0804220636949844"
"336","0.08525598291680321","0.08525598291680321","0.08525598291680321"
"337","0.05752016453961142","0.05752016453961142","0.05752016453961142"
"338","-0.00949443363177485","-0.00949443363177485","-0.00949443363177485"
"339","0.07287210333989967","0.07287210333989967","0.07287210333989967"
"340","-0.008585546697684228","-0.008585546697684228","-0.008585546697684228"
"341","0.05427401391532096","0.05427401391532096","0.05427401391532096"
"342","0.05166919979268208","0.05166919979268208","0.05166919979268208"
"343","0.02082774006302918","0.02082774006302918","0.02082774006302918"
"344","0.08051795884319361","0.08051795884319361","0.08051795884319361"
"345","0.09447299773775436","0.09447299773775436","0.09447299773775436"
"346","0.0784216159214103","0.0784216159214103","0.0784216159214103"
"347","0.03557961364013996","0.03557961364013996","0.03557961364013996"
"348","0.08403517661765275","0.08403517661765275","0.08403517661765275"
"349","-0.002816336060703903","-0.002816336060703903","-0.002816336060703903"
"350","0.004573676807217824","0.004573676807217824","0.004573676807217824"
"351","0.11065043207617736","0.11065043207617736","0.11065043207617736"
"352","0.06678796532939123","0.06678796532939123","0.06678796532939123"
"353","0.03386229534060837","0.03386229534060837","0.03386229534060837"
"354","0.014879897183480005","0.014879897183480005","0.014879897183480005"
"355","0.10706772513361036","0.10706772513361036","0.10706772513361036"
"356","0.05875688994065831","0.05875688994065831","0.05875688994065831"
"357","0.07397645307724657","0.07397645307724657","0.07397645307724657"
"358","0.046592654649161395","0.046592654649161395","0.046592654649161395"
"359","0.056240002477412836","0.056240002477412836","0.056240002477412836"
"360","0.024855782809274977","0.024855782809274977","0.024855782809274977"
"361","0.07519354639945594","0.07519354639945594","0.07519354639945594"
"362","0.065669874792119","0.065669874792119","0.065669874792119"
"363","0.0787117654460252","0.0787117654460252","0.0787117654460252"
"364","0.09671008548525604","0.09671008548525604","0.09671008548525604"
"365","0.03294710644289979","0.03294710644289979","0.03294710644289979"
"366","0.08813769469380685","0.08813769469380685","0.08813769469380685"
"367","0.0890637433720642","0.0890637433720642","0.0890637433720642"
"368","0.07341680552983998","0.07341680552983998","0.07341680552983998"
"369","0.09480052202394758","0.09480052202394758","0.09480052202394758"
"370","0.04683398881137751","0.04683398881137751","0.04683398881137751"
"371","0.11947337596883177","0.11947337596883177","0.11947337596883177"
"372","0.016465904802000404","0.016465904802000404","0.016465904802000404"
"373","0.04791215576699401","0.04791215576699401","0.04791215576699401"
"374","0.09367801613734501","0.09367801613734501","0.09367801613734501"
"375","0.06457152973116052","0.06457152973116052","0.06457152973116052"
"376","0.044184877443970226","0.044184877443970226","0.044184877443970226"
"377","0.043336606010600145","0.043336606010600145","0.043336606010600145"
"378","0.03371043432384912","0.03371043432384912","0.03371043432384912"
"379","-0.02488733537219596","-0.02488733537219596","-0.02488733537219596"
"380","-0.011407943294644078","-0.011407943294644078","-0.011407943294644078"
"381","0.02206666160658615","0.02206666160658615","0.02206666160658615"
"382","0.05219051295736688","0.05219051295736688","0.05219051295736688"
"383","0.0685348319256909","0.0685348319256909","0.0685348319256909"
"384","0.020004638707207506","0.020004638707207506","0.020004638707207506"
"385","0.011918255696785618","0.011918255696785618","0.011918255696785618"
"386","0.04477440887857579","0.04477440887857579","0.04477440887857579"
"387","-0.023830211318396268","-0.023830211318396268","-0.023830211318396268"
"388","0.10441999309007861","0.10441999309007861","0.10441999309007861"
"389","0.04222317160895358","0.04222317160895358","0.04222317160895358"
"390","0.030752669041658326","0.030752669041658326","0.030752669041658326"
"391","0.04164915626053332","0.04164915626053332","0.04164915626053332"
"392","0.011125192012734614","0.011125192012734614","0.011125192012734614"
"393","0.08180340573566007","0.08180340573566007","0.08180340573566007"
"394","0.06219679933876524","0.06219679933876524","0.06219679933876524"
"395","0.07419066489693346","0.07419066489693346","0.07419066489693346"
"396","0.12125928752350114","0.12125928752350114","0.12125928752350114"
"397","0.061214204411995446","0.061214204411995446","0.061214204411995446"
"398","0.09203283157534807","0.09203283157534807","0.09203283157534807"
"399","-0.009232561822034947","-0.009232561822034947","-0.009232561822034947"
"400","0.025272837874665718","0.025272837874665718","0.025272837874665718"
"401","0.011267135492205498","0.011267135492205498","0.011267135492205498"
"402","0.022217909382886047","0.022217909382886047","0.022217909382886047"
"403","0.07776077447594243","0.07776077447594243","0.07776077447594243"
"404","0.09479264139311454","0.09479264139311454","0.09479264139311454"
"405","0.014339450104125575","0.014339450104125575","0.014339450104125575"
"406","0.09290234496650969","0.09290234496650969","0.09290234496650969"
"407","0.08749854059883092","0.08749854059883092","0.08749854059883092"
"408","0.05161953587702674","0.05161953587702674","0.05161953587702674"
"409","0.05095976589412092","0.05095976589412092","0.05095976589412092"
"410","0.09160820196402214","0.09160820196402214","0.09160820196402214"
"411","0.1042267912982759","0.1042267912982759","0.1042267912982759"
"412","0.04198873213807148","0.04198873213807148","0.04198873213807148"
"413","0.07224780541247144","0.07224780541247144","0.07224780541247144"
"414","0.13110477362851689","0.13110477362851689","0.13110477362851689"
"415","0.04242542979708233","0.04242542979708233","0.04242542979708233"
"416","0.16201335319176413","0.16201335319176413","0.16201335319176413"
"417","0.14397970403971466","0.14397970403971466","0.14397970403971466"
"418","-0.0047306321705322665","-0.0047306321705322665","-0.0047306321705322665"
"419","0.032039756196176904","0.032039756196176904","0.032039756196176904"
"420","0.13351376462420553","0.13351376462420553","0.13351376462420553"
"421","0.07281741122463649","0.07281741122463649","0.07281741122463649"
"422","0.09539740096702777","0.09539740096702777","0.09539740096702777"
"423","0.03948590305278004","0.03948590305278004","0.03948590305278004"
"424","0.07591276608361627","0.07591276608361627","0.07591276608361627"
"425","0.00667307173908349","0.00667307173908349","0.00667307173908349"
"426","0.08028584796467732","0.08028584796467732","0.08028584796467732"
"427","0.07504379363666387","0.07504379363666387","0.07504379363666387"
"428","0.017579713788806888","0.017579713788806888","0.017579713788806888"
"429","0.07958987882867984","0.07958987882867984","0.07958987882867984"
"430","0.011027465088605602","0.011027465088605602","0.011027465088605602"
"431","0.019135676235257835","0.019135676235257835","0.019135676235257835"
"432","0.05831478412863709","0.05831478412863709","0.05831478412863709"
"433","-0.009343360445481874","-0.009343360445481874","-0.009343360445481874"
"434","0.008454672903886962","0.008454672903886962","0.008454672903886962"
"435","0.08329173408366332","0.08329173408366332","0.08329173408366332"
"436","0.11154569846859437","0.11154569846859437","0.11154569846859437"
"437","0.11677675084636906","0.11677675084636906","0.11677675084636906"
"438","0.06574044256253736","0.06574044256253736","0.06574044256253736"
"439","-0.005835403720549528","-0.005835403720549528","-0.005835403720549528"
"440","0.10206815090646919","0.10206815090646919","0.10206815090646919"
"441","0.08190039895751758","0.08190039895751758","0.08190039895751758"
"442","0.06858494718973193","0.06858494718973193","0.06858494718973193"
"443","0.0251429652928368","0.0251429652928368","0.0251429652928368"
"444","-0.0007291716703957655","-0.0007291716703957655","-0.0007291716703957655"
"445","0.07871098606674759","0.07871098606674759","0.07871098606674759"
"446","0.0878031389709668","0.0878031389709668","0.0878031389709668"
"447","0.016509220796696866","0.016509220796696866","0.016509220796696866"
"448","0.053406348496194356","0.053406348496194356","0.053406348496194356"
"449","0.04767582637024455","0.04767582637024455","0.04767582637024455"
"450","0.0853651720512221","0.0853651720512221","0.0853651720512221"
"451","0.13920951082975355","0.13920951082975355","0.13920951082975355"
"452","0.08289174718783064","0.08289174718783064","0.08289174718783064"
"453","0.03710360252118967","0.03710360252118967","0.03710360252118967"
"454","0.12338501272717771","0.12338501272717771","0.12338501272717771"
"455","0.029142432298540216","0.029142432298540216","0.029142432298540216"
"456","0.07697941619577037","0.07697941619577037","0.07697941619577037"
"457","0.04800793257711159","0.04800793257711159","0.04800793257711159"
"458","0.12180627747958454","0.12180627747958454","0.12180627747958454"
"459","0.0246401966481969","0.0246401966481969","0.0246401966481969"
"460","0.06793909382464469","0.06793909382464469","0.06793909382464469"
"461","0.1009416120059562","0.1009416120059562","0.1009416120059562"
"462","0.01802440010737475","0.01802440010737475","0.01802440010737475"
"463","0.04529004450416687","0.04529004450416687","0.04529004450416687"
"464","0.07738096857498962","0.07738096857498962","0.07738096857498962"
"465","0.10280741709929246","0.10280741709929246","0.10280741709929246"
"466","0.04818599529850269","0.04818599529850269","0.04818599529850269"
"467","0.032452334181249536","0.032452334181249536","0.032452334181249536"
"468","0.04163132365840225","0.04163132365840225","0.04163132365840225"
"469","0.01573881030502539","0.01573881030502539","0.01573881030502539"
"470","0.03190240259320387","0.03190240259320387","0.03190240259320387"
"471","0.06529826297327376","0.06529826297327376","0.06529826297327376"
"472","0.05358289186368528","0.05358289186368528","0.05358289186368528"
"473","0.059473267020613785","0.059473267020613785","0.059473267020613785"
"474","0.09382615687762048","0.09382615687762048","0.09382615687762048"
"475","0.035529693222383196","0.035529693222383196","0.035529693222383196"
"476","0.10242499047573472","0.10242499047573472","0.10242499047573472"
"477","0.05186537746592049","0.05186537746592049","0.05186537746592049"
"478","0.07149998739585764","0.07149998739585764","0.07149998739585764"
"479","0.02059864574992745","0.02059864574992745","0.02059864574992745"
"480","-0.006516951302228067","-0.006516951302228067","-0.006516951302228067"
"481","0.009622501263517626","0.009622501263517626","0.009622501263517626"
"482","0.04842178514187043","0.04842178514187043","0.04842178514187043"
"483","0.09091019553967399","0.09091019553967399","0.09091019553967399"
"484","0.03225592969280598","0.03225592969280598","0.03225592969280598"
"485","-0.003919829345690698","-0.003919829345690698","-0.003919829345690698"
"486","0.08517786792707097","0.08517786792707097","0.08517786792707097"
"487","0.09197216568810723","0.09197216568810723","0.09197216568810723"
"488","0.05041501998357964","0.05041501998357964","0.05041501998357964"
"489","0.05296213982791304","0.05296213982791304","0.05296213982791304"
"490","0.05767778154938615","0.05767778154938615","0.05767778154938615"
"491","0.11761764391396624","0.11761764391396624","0.11761764391396624"
"492","0.004047536438629224","0.004047536438629224","0.004047536438629224"
"493","0.003803886232429856","0.003803886232429856","0.003803886232429856"
"494","0.03474095618998313","0.03474095618998313","0.03474095618998313"
"495","0.0885751716469622","0.0885751716469622","0.0885751716469622"
"496","-0.015883786442173125","-0.015883786442173125","-0.015883786442173125"
"497","0.043888496017463946","0.043888496017463946","0.043888496017463946"
"498","0.05006596247365637","0.05006596247365637","0.05006596247365637"
"499","0.021159555110042222","0.021159555110042222","0.021159555110042222"