"Step","greedy 5 5  - returns","greedy 5 5  - returns__MIN","greedy 5 5  - returns__MAX"
"0","-1.6360399723052979","-1.6360399723052979","-1.6360399723052979"
"1","-2.639570951461792","-2.639570951461792","-2.639570951461792"
"2","-2.5736286640167236","-2.5736286640167236","-2.5736286640167236"
"3","-2.608837604522705","-2.608837604522705","-2.608837604522705"
"4","-0.6541758179664612","-0.6541758179664612","-0.6541758179664612"
"5","-0.03008270263671875","-0.03008270263671875","-0.03008270263671875"
"6","-0.0499391108751297","-0.0499391108751297","-0.0499391108751297"
"7","1.0171914100646973","1.0171914100646973","1.0171914100646973"
"8","1.3332128524780273","1.3332128524780273","1.3332128524780273"
"9","-2.7160520553588867","-2.7160520553588867","-2.7160520553588867"
"10","-0.4112366735935211","-0.4112366735935211","-0.4112366735935211"
"11","-1.464617133140564","-1.464617133140564","-1.464617133140564"
"12","-3.5630075931549072","-3.5630075931549072","-3.5630075931549072"
"13","-1.5686107873916626","-1.5686107873916626","-1.5686107873916626"
"14","-3.8610377311706543","-3.8610377311706543","-3.8610377311706543"
"15","-2.5176756381988525","-2.5176756381988525","-2.5176756381988525"
"16","0.6865026354789734","0.6865026354789734","0.6865026354789734"
"17","0.4569808542728424","0.4569808542728424","0.4569808542728424"
"18","-2.3370165824890137","-2.3370165824890137","-2.3370165824890137"
"19","-0.42700526118278503","-0.42700526118278503","-0.42700526118278503"
"20","-1.2486956119537354","-1.2486956119537354","-1.2486956119537354"
"21","-1.800492763519287","-1.800492763519287","-1.800492763519287"
"22","-0.11391690373420715","-0.11391690373420715","-0.11391690373420715"
"23","-1.1730390787124634","-1.1730390787124634","-1.1730390787124634"
"24","-0.012419091537594795","-0.012419091537594795","-0.012419091537594795"
"25","-1.6076807975769043","-1.6076807975769043","-1.6076807975769043"
"26","-1.6453336477279663","-1.6453336477279663","-1.6453336477279663"
"27","-1.972841501235962","-1.972841501235962","-1.972841501235962"
"28","-3.083057403564453","-3.083057403564453","-3.083057403564453"
"29","-1.5292085409164429","-1.5292085409164429","-1.5292085409164429"
"30","-2.2561323642730713","-2.2561323642730713","-2.2561323642730713"
"31","-1.4984478950500488","-1.4984478950500488","-1.4984478950500488"
"32","0.6868922710418701","0.6868922710418701","0.6868922710418701"
"33","-1.0642552375793457","-1.0642552375793457","-1.0642552375793457"
"34","-2.3499624729156494","-2.3499624729156494","-2.3499624729156494"
"35","0.7665956020355225","0.7665956020355225","0.7665956020355225"
"36","-3.0992178916931152","-3.0992178916931152","-3.0992178916931152"
"37","-0.8289110660552979","-0.8289110660552979","-0.8289110660552979"
"38","-1.3015475273132324","-1.3015475273132324","-1.3015475273132324"
"39","-0.2951343059539795","-0.2951343059539795","-0.2951343059539795"
"40","-0.8142057657241821","-0.8142057657241821","-0.8142057657241821"
"41","-2.534877300262451","-2.534877300262451","-2.534877300262451"
"42","-3.3328988552093506","-3.3328988552093506","-3.3328988552093506"
"43","0.9717553853988647","0.9717553853988647","0.9717553853988647"
"44","-1.2585251331329346","-1.2585251331329346","-1.2585251331329346"
"45","0.40997976064682007","0.40997976064682007","0.40997976064682007"
"46","-4.882270336151123","-4.882270336151123","-4.882270336151123"
"47","-0.49116069078445435","-0.49116069078445435","-0.49116069078445435"
"48","-0.6963930130004883","-0.6963930130004883","-0.6963930130004883"
"49","-2.0168888568878174","-2.0168888568878174","-2.0168888568878174"
"50","1.6258080005645752","1.6258080005645752","1.6258080005645752"
"51","0.9026973843574524","0.9026973843574524","0.9026973843574524"
"52","-1.5002819299697876","-1.5002819299697876","-1.5002819299697876"
"53","-2.6388001441955566","-2.6388001441955566","-2.6388001441955566"
"54","-3.3055222034454346","-3.3055222034454346","-3.3055222034454346"
"55","-2.3040730953216553","-2.3040730953216553","-2.3040730953216553"
"56","-4.819161891937256","-4.819161891937256","-4.819161891937256"
"57","-2.394167900085449","-2.394167900085449","-2.394167900085449"
"58","0.4108400344848633","0.4108400344848633","0.4108400344848633"
"59","-0.7685317993164062","-0.7685317993164062","-0.7685317993164062"
"60","-1.6051186323165894","-1.6051186323165894","-1.6051186323165894"
"61","-2.3467793464660645","-2.3467793464660645","-2.3467793464660645"
"62","0.6362431645393372","0.6362431645393372","0.6362431645393372"
"63","-1.3439711332321167","-1.3439711332321167","-1.3439711332321167"
"64","-1.7768323421478271","-1.7768323421478271","-1.7768323421478271"
"65","-2.4164435863494873","-2.4164435863494873","-2.4164435863494873"
"66","-0.902851939201355","-0.902851939201355","-0.902851939201355"
"67","-0.9335488080978394","-0.9335488080978394","-0.9335488080978394"
"68","-0.8440600633621216","-0.8440600633621216","-0.8440600633621216"
"69","-1.487717628479004","-1.487717628479004","-1.487717628479004"
"70","0.00047269463539123535","0.00047269463539123535","0.00047269463539123535"
"71","-2.649261474609375","-2.649261474609375","-2.649261474609375"
"72","-1.1366558074951172","-1.1366558074951172","-1.1366558074951172"
"73","-3.609805107116699","-3.609805107116699","-3.609805107116699"
"74","-2.244913339614868","-2.244913339614868","-2.244913339614868"
"75","-2.1278486251831055","-2.1278486251831055","-2.1278486251831055"
"76","-2.7156646251678467","-2.7156646251678467","-2.7156646251678467"
"77","-3.6710338592529297","-3.6710338592529297","-3.6710338592529297"
"78","-1.1252901554107666","-1.1252901554107666","-1.1252901554107666"
"79","-1.2623016834259033","-1.2623016834259033","-1.2623016834259033"
"80","-3.4144601821899414","-3.4144601821899414","-3.4144601821899414"
"81","-2.083603858947754","-2.083603858947754","-2.083603858947754"
"82","-1.1422556638717651","-1.1422556638717651","-1.1422556638717651"
"83","-1.4731885194778442","-1.4731885194778442","-1.4731885194778442"
"84","-2.7756946086883545","-2.7756946086883545","-2.7756946086883545"
"85","-0.31888923048973083","-0.31888923048973083","-0.31888923048973083"
"86","-2.8114707469940186","-2.8114707469940186","-2.8114707469940186"
"87","-1.9335144758224487","-1.9335144758224487","-1.9335144758224487"
"88","-1.9938627481460571","-1.9938627481460571","-1.9938627481460571"
"89","-2.0238242149353027","-2.0238242149353027","-2.0238242149353027"
"90","-1.6720449924468994","-1.6720449924468994","-1.6720449924468994"
"91","-1.01324462890625","-1.01324462890625","-1.01324462890625"
"92","-0.9055203199386597","-0.9055203199386597","-0.9055203199386597"
"93","-2.3519108295440674","-2.3519108295440674","-2.3519108295440674"
"94","-0.700580894947052","-0.700580894947052","-0.700580894947052"
"95","-2.8554847240448","-2.8554847240448","-2.8554847240448"
"96","-1.7991973161697388","-1.7991973161697388","-1.7991973161697388"
"97","-1.5908215045928955","-1.5908215045928955","-1.5908215045928955"
"98","-1.6530780792236328","-1.6530780792236328","-1.6530780792236328"
"99","-0.8933038711547852","-0.8933038711547852","-0.8933038711547852"
"100","-2.7209584712982178","-2.7209584712982178","-2.7209584712982178"
"101","1.8144526481628418","1.8144526481628418","1.8144526481628418"
"102","-0.7108814716339111","-0.7108814716339111","-0.7108814716339111"
"103","-2.3387134075164795","-2.3387134075164795","-2.3387134075164795"
"104","-2.6628692150115967","-2.6628692150115967","-2.6628692150115967"
"105","-2.5980045795440674","-2.5980045795440674","-2.5980045795440674"
"106","-1.6689127683639526","-1.6689127683639526","-1.6689127683639526"
"107","-0.1350560188293457","-0.1350560188293457","-0.1350560188293457"
"108","-0.9949641227722168","-0.9949641227722168","-0.9949641227722168"
"109","1.217430591583252","1.217430591583252","1.217430591583252"
"110","0.665022611618042","0.665022611618042","0.665022611618042"
"111","-1.3637592792510986","-1.3637592792510986","-1.3637592792510986"
"112","-3.7844061851501465","-3.7844061851501465","-3.7844061851501465"
"113","-3.3874850273132324","-3.3874850273132324","-3.3874850273132324"
"114","0.17873609066009521","0.17873609066009521","0.17873609066009521"
"115","-0.4459478259086609","-0.4459478259086609","-0.4459478259086609"
"116","-3.658785343170166","-3.658785343170166","-3.658785343170166"
"117","-0.34482547640800476","-0.34482547640800476","-0.34482547640800476"
"118","0.6380314826965332","0.6380314826965332","0.6380314826965332"
"119","-0.7208715677261353","-0.7208715677261353","-0.7208715677261353"
"120","0.9968796372413635","0.9968796372413635","0.9968796372413635"
"121","-2.1762609481811523","-2.1762609481811523","-2.1762609481811523"
"122","-2.8964931964874268","-2.8964931964874268","-2.8964931964874268"
"123","-0.296894907951355","-0.296894907951355","-0.296894907951355"
"124","0.0272197462618351","0.0272197462618351","0.0272197462618351"
"125","1.600064992904663","1.600064992904663","1.600064992904663"
"126","-2.0301990509033203","-2.0301990509033203","-2.0301990509033203"
"127","0.14595627784729004","0.14595627784729004","0.14595627784729004"
"128","-0.2345442920923233","-0.2345442920923233","-0.2345442920923233"
"129","0.20834237337112427","0.20834237337112427","0.20834237337112427"
"130","-1.161487340927124","-1.161487340927124","-1.161487340927124"
"131","-0.7528521418571472","-0.7528521418571472","-0.7528521418571472"
"132","-0.8827649354934692","-0.8827649354934692","-0.8827649354934692"
"133","-1.400742530822754","-1.400742530822754","-1.400742530822754"
"134","-2.2490134239196777","-2.2490134239196777","-2.2490134239196777"
"135","-1.293372392654419","-1.293372392654419","-1.293372392654419"
"136","-3.353947877883911","-3.353947877883911","-3.353947877883911"
"137","0.4473856985569","0.4473856985569","0.4473856985569"
"138","-3.1168437004089355","-3.1168437004089355","-3.1168437004089355"
"139","-1.466965675354004","-1.466965675354004","-1.466965675354004"
"140","0.10456783324480057","0.10456783324480057","0.10456783324480057"
"141","-1.3131740093231201","-1.3131740093231201","-1.3131740093231201"
"142","-2.7690672874450684","-2.7690672874450684","-2.7690672874450684"
"143","0.06985102593898773","0.06985102593898773","0.06985102593898773"
"144","-1.413071632385254","-1.413071632385254","-1.413071632385254"
"145","-1.9514065980911255","-1.9514065980911255","-1.9514065980911255"
"146","-3.6519131660461426","-3.6519131660461426","-3.6519131660461426"
"147","-1.7691408395767212","-1.7691408395767212","-1.7691408395767212"
"148","-1.9288945198059082","-1.9288945198059082","-1.9288945198059082"
"149","-1.6107172966003418","-1.6107172966003418","-1.6107172966003418"
"150","-4.431870460510254","-4.431870460510254","-4.431870460510254"
"151","0.0065302252769470215","0.0065302252769470215","0.0065302252769470215"
"152","-3.633282423019409","-3.633282423019409","-3.633282423019409"
"153","-2.3838722705841064","-2.3838722705841064","-2.3838722705841064"
"154","-3.258521556854248","-3.258521556854248","-3.258521556854248"
"155","-0.993866503238678","-0.993866503238678","-0.993866503238678"
"156","-0.6334335803985596","-0.6334335803985596","-0.6334335803985596"
"157","-1.879581093788147","-1.879581093788147","-1.879581093788147"
"158","-1.991455316543579","-1.991455316543579","-1.991455316543579"
"159","-3.5406980514526367","-3.5406980514526367","-3.5406980514526367"
"160","0.3348434269428253","0.3348434269428253","0.3348434269428253"
"161","-0.4925621449947357","-0.4925621449947357","-0.4925621449947357"
"162","-2.928015947341919","-2.928015947341919","-2.928015947341919"
"163","0.14160361886024475","0.14160361886024475","0.14160361886024475"
"164","-4.18287467956543","-4.18287467956543","-4.18287467956543"
"165","-2.7615914344787598","-2.7615914344787598","-2.7615914344787598"
"166","-4.082702159881592","-4.082702159881592","-4.082702159881592"
"167","-1.2327179908752441","-1.2327179908752441","-1.2327179908752441"
"168","-3.028090238571167","-3.028090238571167","-3.028090238571167"
"169","-1.548785924911499","-1.548785924911499","-1.548785924911499"
"170","-2.236638069152832","-2.236638069152832","-2.236638069152832"
"171","-3.6629977226257324","-3.6629977226257324","-3.6629977226257324"
"172","-0.974353551864624","-0.974353551864624","-0.974353551864624"
"173","0.42981404066085815","0.42981404066085815","0.42981404066085815"
"174","-1.555271863937378","-1.555271863937378","-1.555271863937378"
"175","0.1054520457983017","0.1054520457983017","0.1054520457983017"
"176","-1.4047338962554932","-1.4047338962554932","-1.4047338962554932"
"177","-2.296143054962158","-2.296143054962158","-2.296143054962158"
"178","2.343290328979492","2.343290328979492","2.343290328979492"
"179","0.006932169198989868","0.006932169198989868","0.006932169198989868"
"180","-1.2650258541107178","-1.2650258541107178","-1.2650258541107178"
"181","-0.32254108786582947","-0.32254108786582947","-0.32254108786582947"
"182","-0.7421181201934814","-0.7421181201934814","-0.7421181201934814"
"183","-0.5897790193557739","-0.5897790193557739","-0.5897790193557739"
"184","-1.0746326446533203","-1.0746326446533203","-1.0746326446533203"
"185","1.2611501216888428","1.2611501216888428","1.2611501216888428"
"186","-3.173085927963257","-3.173085927963257","-3.173085927963257"
"187","-0.7275904417037964","-0.7275904417037964","-0.7275904417037964"
"188","-3.531996965408325","-3.531996965408325","-3.531996965408325"
"189","-3.8048951625823975","-3.8048951625823975","-3.8048951625823975"
"190","-1.9718865156173706","-1.9718865156173706","-1.9718865156173706"
"191","-2.4000115394592285","-2.4000115394592285","-2.4000115394592285"
"192","-1.5696920156478882","-1.5696920156478882","-1.5696920156478882"
"193","-3.744129180908203","-3.744129180908203","-3.744129180908203"
"194","-2.8652331829071045","-2.8652331829071045","-2.8652331829071045"
"195","-2.534130573272705","-2.534130573272705","-2.534130573272705"
"196","-4.263537406921387","-4.263537406921387","-4.263537406921387"
"197","-2.0561423301696777","-2.0561423301696777","-2.0561423301696777"
"198","-3.058617353439331","-3.058617353439331","-3.058617353439331"
"199","-4.946956634521484","-4.946956634521484","-4.946956634521484"
"200","1.1935694217681885","1.1935694217681885","1.1935694217681885"
"201","0.8751182556152344","0.8751182556152344","0.8751182556152344"
"202","0.40964779257774353","0.40964779257774353","0.40964779257774353"
"203","0.5828588604927063","0.5828588604927063","0.5828588604927063"
"204","-1.8416874408721924","-1.8416874408721924","-1.8416874408721924"
"205","0.08707194030284882","0.08707194030284882","0.08707194030284882"
"206","-0.4322102665901184","-0.4322102665901184","-0.4322102665901184"
"207","0.7192875146865845","0.7192875146865845","0.7192875146865845"
"208","-0.3896805942058563","-0.3896805942058563","-0.3896805942058563"
"209","-1.063143253326416","-1.063143253326416","-1.063143253326416"
"210","-0.7402518391609192","-0.7402518391609192","-0.7402518391609192"
"211","0.6817456483840942","0.6817456483840942","0.6817456483840942"
"212","0.28711724281311035","0.28711724281311035","0.28711724281311035"
"213","-0.22568364441394806","-0.22568364441394806","-0.22568364441394806"
"214","-1.0513502359390259","-1.0513502359390259","-1.0513502359390259"
"215","-0.2643141746520996","-0.2643141746520996","-0.2643141746520996"
"216","-0.7929607629776001","-0.7929607629776001","-0.7929607629776001"
"217","0.8044848442077637","0.8044848442077637","0.8044848442077637"
"218","-0.1697041094303131","-0.1697041094303131","-0.1697041094303131"
"219","0.25907617807388306","0.25907617807388306","0.25907617807388306"
"220","-0.39737117290496826","-0.39737117290496826","-0.39737117290496826"
"221","-0.37119653820991516","-0.37119653820991516","-0.37119653820991516"
"222","0.3648378849029541","0.3648378849029541","0.3648378849029541"
"223","0.32262352108955383","0.32262352108955383","0.32262352108955383"
"224","-2.2835891246795654","-2.2835891246795654","-2.2835891246795654"
"225","1.8951977491378784","1.8951977491378784","1.8951977491378784"
"226","0.10731567442417145","0.10731567442417145","0.10731567442417145"
"227","0.05074773356318474","0.05074773356318474","0.05074773356318474"
"228","0.2372555285692215","0.2372555285692215","0.2372555285692215"
"229","0.5916233658790588","0.5916233658790588","0.5916233658790588"
"230","0.07247427850961685","0.07247427850961685","0.07247427850961685"
"231","1.2890164852142334","1.2890164852142334","1.2890164852142334"
"232","-0.7785850763320923","-0.7785850763320923","-0.7785850763320923"
"233","-0.1588326096534729","-0.1588326096534729","-0.1588326096534729"
"234","0.39317548274993896","0.39317548274993896","0.39317548274993896"
"235","0.10879231989383698","0.10879231989383698","0.10879231989383698"
"236","-0.5281786918640137","-0.5281786918640137","-0.5281786918640137"
"237","-0.4455162584781647","-0.4455162584781647","-0.4455162584781647"
"238","-0.510146975517273","-0.510146975517273","-0.510146975517273"
"239","-0.3225078284740448","-0.3225078284740448","-0.3225078284740448"
"240","0.7922434210777283","0.7922434210777283","0.7922434210777283"
"241","0.2923072874546051","0.2923072874546051","0.2923072874546051"
"242","0.43354886770248413","0.43354886770248413","0.43354886770248413"
"243","0.20279742777347565","0.20279742777347565","0.20279742777347565"
"244","-0.04327031970024109","-0.04327031970024109","-0.04327031970024109"
"245","-0.02620747685432434","-0.02620747685432434","-0.02620747685432434"
"246","1.5217578411102295","1.5217578411102295","1.5217578411102295"
"247","-0.7380930185317993","-0.7380930185317993","-0.7380930185317993"
"248","-0.6357684135437012","-0.6357684135437012","-0.6357684135437012"
"249","-1.4263657331466675","-1.4263657331466675","-1.4263657331466675"
"250","-1.3729164600372314","-1.3729164600372314","-1.3729164600372314"
"251","-1.790102481842041","-1.790102481842041","-1.790102481842041"
"252","0.21760708093643188","0.21760708093643188","0.21760708093643188"
"253","-0.9122528433799744","-0.9122528433799744","-0.9122528433799744"
"254","-2.0386276245117188","-2.0386276245117188","-2.0386276245117188"
"255","-0.07382272183895111","-0.07382272183895111","-0.07382272183895111"
"256","-0.396038681268692","-0.396038681268692","-0.396038681268692"
"257","1.812795639038086","1.812795639038086","1.812795639038086"
"258","-1.1480798721313477","-1.1480798721313477","-1.1480798721313477"
"259","0.5002304911613464","0.5002304911613464","0.5002304911613464"
"260","1.3406261205673218","1.3406261205673218","1.3406261205673218"
"261","1.4788200855255127","1.4788200855255127","1.4788200855255127"
"262","-0.902373194694519","-0.902373194694519","-0.902373194694519"
"263","0.001994892954826355","0.001994892954826355","0.001994892954826355"
"264","-2.3176045417785645","-2.3176045417785645","-2.3176045417785645"
"265","0.8795027732849121","0.8795027732849121","0.8795027732849121"
"266","0.5887162089347839","0.5887162089347839","0.5887162089347839"
"267","0.8504804968833923","0.8504804968833923","0.8504804968833923"
"268","-1.1728746891021729","-1.1728746891021729","-1.1728746891021729"
"269","0.611854076385498","0.611854076385498","0.611854076385498"
"270","-0.6602418422698975","-0.6602418422698975","-0.6602418422698975"
"271","-1.1916435956954956","-1.1916435956954956","-1.1916435956954956"
"272","-0.8076278567314148","-0.8076278567314148","-0.8076278567314148"
"273","-1.7059507369995117","-1.7059507369995117","-1.7059507369995117"
"274","0.18292924761772156","0.18292924761772156","0.18292924761772156"
"275","0.3318851888179779","0.3318851888179779","0.3318851888179779"
"276","-0.43831512331962585","-0.43831512331962585","-0.43831512331962585"
"277","-0.9610099792480469","-0.9610099792480469","-0.9610099792480469"
"278","0.8094964623451233","0.8094964623451233","0.8094964623451233"
"279","-0.4230729937553406","-0.4230729937553406","-0.4230729937553406"
"280","-1.4960917234420776","-1.4960917234420776","-1.4960917234420776"
"281","-0.35511553287506104","-0.35511553287506104","-0.35511553287506104"
"282","0.8407583236694336","0.8407583236694336","0.8407583236694336"
"283","-0.14508293569087982","-0.14508293569087982","-0.14508293569087982"
"284","-1.1191253662109375","-1.1191253662109375","-1.1191253662109375"
"285","0.7340844869613647","0.7340844869613647","0.7340844869613647"
"286","0.1645905077457428","0.1645905077457428","0.1645905077457428"
"287","1.304968237876892","1.304968237876892","1.304968237876892"
"288","0.302085280418396","0.302085280418396","0.302085280418396"
"289","0.5012381076812744","0.5012381076812744","0.5012381076812744"
"290","-3.0479936599731445","-3.0479936599731445","-3.0479936599731445"
"291","-0.6746426820755005","-0.6746426820755005","-0.6746426820755005"
"292","-2.2126550674438477","-2.2126550674438477","-2.2126550674438477"
"293","-0.0609094500541687","-0.0609094500541687","-0.0609094500541687"
"294","-2.3700382709503174","-2.3700382709503174","-2.3700382709503174"
"295","1.0014572143554688","1.0014572143554688","1.0014572143554688"
"296","-2.0664689540863037","-2.0664689540863037","-2.0664689540863037"
"297","-1.6430059671401978","-1.6430059671401978","-1.6430059671401978"
"298","-0.6103436946868896","-0.6103436946868896","-0.6103436946868896"
"299","-3.5096395015716553","-3.5096395015716553","-3.5096395015716553"
"300","-0.6530581116676331","-0.6530581116676331","-0.6530581116676331"
"301","-0.7547013163566589","-0.7547013163566589","-0.7547013163566589"
"302","-1.8467893600463867","-1.8467893600463867","-1.8467893600463867"
"303","0.8946548700332642","0.8946548700332642","0.8946548700332642"
"304","-1.7112613916397095","-1.7112613916397095","-1.7112613916397095"
"305","-1.084894061088562","-1.084894061088562","-1.084894061088562"
"306","-1.0479923486709595","-1.0479923486709595","-1.0479923486709595"
"307","-2.3704915046691895","-2.3704915046691895","-2.3704915046691895"
"308","-0.3519587516784668","-0.3519587516784668","-0.3519587516784668"
"309","-0.36796584725379944","-0.36796584725379944","-0.36796584725379944"
"310","-2.9294474124908447","-2.9294474124908447","-2.9294474124908447"
"311","-2.728092908859253","-2.728092908859253","-2.728092908859253"
"312","-1.689454436302185","-1.689454436302185","-1.689454436302185"
"313","-2.241835832595825","-2.241835832595825","-2.241835832595825"
"314","-3.0898187160491943","-3.0898187160491943","-3.0898187160491943"
"315","-0.9883871078491211","-0.9883871078491211","-0.9883871078491211"
"316","-0.25179970264434814","-0.25179970264434814","-0.25179970264434814"
"317","-2.906203508377075","-2.906203508377075","-2.906203508377075"
"318","2.62086820602417","2.62086820602417","2.62086820602417"
"319","-0.48015934228897095","-0.48015934228897095","-0.48015934228897095"
"320","-1.0217734575271606","-1.0217734575271606","-1.0217734575271606"
"321","-0.5632848143577576","-0.5632848143577576","-0.5632848143577576"
"322","-0.4642946720123291","-0.4642946720123291","-0.4642946720123291"
"323","0.11452414095401764","0.11452414095401764","0.11452414095401764"
"324","1.7421257495880127","1.7421257495880127","1.7421257495880127"
"325","-1.1947226524353027","-1.1947226524353027","-1.1947226524353027"
"326","0.07953134179115295","0.07953134179115295","0.07953134179115295"
"327","-0.8410473465919495","-0.8410473465919495","-0.8410473465919495"
"328","-0.767754316329956","-0.767754316329956","-0.767754316329956"
"329","0.8675500154495239","0.8675500154495239","0.8675500154495239"
"330","0.145837664604187","0.145837664604187","0.145837664604187"
"331","0.5358948111534119","0.5358948111534119","0.5358948111534119"
"332","0.31305041909217834","0.31305041909217834","0.31305041909217834"
"333","1.2946524620056152","1.2946524620056152","1.2946524620056152"
"334","-0.5536346435546875","-0.5536346435546875","-0.5536346435546875"
"335","-0.5214201211929321","-0.5214201211929321","-0.5214201211929321"
"336","-0.245515376329422","-0.245515376329422","-0.245515376329422"
"337","0.39269810914993286","0.39269810914993286","0.39269810914993286"
"338","-1.684161901473999","-1.684161901473999","-1.684161901473999"
"339","-1.3502752780914307","-1.3502752780914307","-1.3502752780914307"
"340","-0.025927476584911346","-0.025927476584911346","-0.025927476584911346"
"341","0.5300986170768738","0.5300986170768738","0.5300986170768738"
"342","0.05065290629863739","0.05065290629863739","0.05065290629863739"
"343","0.4889754056930542","0.4889754056930542","0.4889754056930542"
"344","-1.916927695274353","-1.916927695274353","-1.916927695274353"
"345","-0.41677436232566833","-0.41677436232566833","-0.41677436232566833"
"346","-3.344611167907715","-3.344611167907715","-3.344611167907715"
"347","0.23879843950271606","0.23879843950271606","0.23879843950271606"
"348","0.5882086753845215","0.5882086753845215","0.5882086753845215"
"349","-0.9256253838539124","-0.9256253838539124","-0.9256253838539124"
"350","-1.072487473487854","-1.072487473487854","-1.072487473487854"
"351","-0.2537350356578827","-0.2537350356578827","-0.2537350356578827"
"352","1.628335952758789","1.628335952758789","1.628335952758789"
"353","-0.7502545714378357","-0.7502545714378357","-0.7502545714378357"
"354","0.5798697471618652","0.5798697471618652","0.5798697471618652"
"355","0.40347057580947876","0.40347057580947876","0.40347057580947876"
"356","1.005444049835205","1.005444049835205","1.005444049835205"
"357","0.5427024364471436","0.5427024364471436","0.5427024364471436"
"358","2.1669797897338867","2.1669797897338867","2.1669797897338867"
"359","-0.4090317487716675","-0.4090317487716675","-0.4090317487716675"
"360","-1.430294394493103","-1.430294394493103","-1.430294394493103"
"361","0.36592018604278564","0.36592018604278564","0.36592018604278564"
"362","1.3811869621276855","1.3811869621276855","1.3811869621276855"
"363","-0.2696272134780884","-0.2696272134780884","-0.2696272134780884"
"364","-0.21920384466648102","-0.21920384466648102","-0.21920384466648102"
"365","1.0257090330123901","1.0257090330123901","1.0257090330123901"
"366","1.2239028215408325","1.2239028215408325","1.2239028215408325"
"367","-1.8792688846588135","-1.8792688846588135","-1.8792688846588135"
"368","-1.0441218614578247","-1.0441218614578247","-1.0441218614578247"
"369","0.9990721344947815","0.9990721344947815","0.9990721344947815"
"370","0.7329785823822021","0.7329785823822021","0.7329785823822021"
"371","-1.5023751258850098","-1.5023751258850098","-1.5023751258850098"
"372","-0.11216439306735992","-0.11216439306735992","-0.11216439306735992"
"373","1.946366548538208","1.946366548538208","1.946366548538208"
"374","-1.8407148122787476","-1.8407148122787476","-1.8407148122787476"
"375","0.7670173645019531","0.7670173645019531","0.7670173645019531"
"376","-0.9489890336990356","-0.9489890336990356","-0.9489890336990356"
"377","0.21836797893047333","0.21836797893047333","0.21836797893047333"
"378","-0.49340102076530457","-0.49340102076530457","-0.49340102076530457"
"379","-0.41146203875541687","-0.41146203875541687","-0.41146203875541687"
"380","0.6737834811210632","0.6737834811210632","0.6737834811210632"
"381","-0.9320153594017029","-0.9320153594017029","-0.9320153594017029"
"382","0.4871843159198761","0.4871843159198761","0.4871843159198761"
"383","1.0983517169952393","1.0983517169952393","1.0983517169952393"
"384","0.702164351940155","0.702164351940155","0.702164351940155"
"385","0.45200735330581665","0.45200735330581665","0.45200735330581665"
"386","-0.5298218131065369","-0.5298218131065369","-0.5298218131065369"
"387","-0.006318643689155579","-0.006318643689155579","-0.006318643689155579"
"388","-2.4841761589050293","-2.4841761589050293","-2.4841761589050293"
"389","0.83275306224823","0.83275306224823","0.83275306224823"
"390","0.701171875","0.701171875","0.701171875"
"391","-1.7262604236602783","-1.7262604236602783","-1.7262604236602783"
"392","-1.4443070888519287","-1.4443070888519287","-1.4443070888519287"
"393","1.4074417352676392","1.4074417352676392","1.4074417352676392"
"394","-0.3015039563179016","-0.3015039563179016","-0.3015039563179016"
"395","0.20673295855522156","0.20673295855522156","0.20673295855522156"
"396","0.8599973917007446","0.8599973917007446","0.8599973917007446"
"397","-0.512518584728241","-0.512518584728241","-0.512518584728241"
"398","1.9060776233673096","1.9060776233673096","1.9060776233673096"
"399","0.9808112978935242","0.9808112978935242","0.9808112978935242"
"400","-0.6184519529342651","-0.6184519529342651","-0.6184519529342651"
"401","-0.09769193083047867","-0.09769193083047867","-0.09769193083047867"
"402","1.244946002960205","1.244946002960205","1.244946002960205"
"403","1.232541561126709","1.232541561126709","1.232541561126709"
"404","-0.8482911586761475","-0.8482911586761475","-0.8482911586761475"
"405","0.09862590581178665","0.09862590581178665","0.09862590581178665"
"406","0.11603012681007385","0.11603012681007385","0.11603012681007385"
"407","1.3227437734603882","1.3227437734603882","1.3227437734603882"
"408","1.2147470712661743","1.2147470712661743","1.2147470712661743"
"409","0.455966055393219","0.455966055393219","0.455966055393219"
"410","0.06378130614757538","0.06378130614757538","0.06378130614757538"
"411","0.19710007309913635","0.19710007309913635","0.19710007309913635"
"412","-0.8211605548858643","-0.8211605548858643","-0.8211605548858643"
"413","-0.5932395458221436","-0.5932395458221436","-0.5932395458221436"
"414","0.30118197202682495","0.30118197202682495","0.30118197202682495"
"415","-0.01681865006685257","-0.01681865006685257","-0.01681865006685257"
"416","0.1060379147529602","0.1060379147529602","0.1060379147529602"
"417","0.9440737962722778","0.9440737962722778","0.9440737962722778"
"418","0.1976444125175476","0.1976444125175476","0.1976444125175476"
"419","-1.9024629592895508","-1.9024629592895508","-1.9024629592895508"
"420","-0.22761276364326477","-0.22761276364326477","-0.22761276364326477"
"421","0.8569652438163757","0.8569652438163757","0.8569652438163757"
"422","-2.224214553833008","-2.224214553833008","-2.224214553833008"
"423","0.6564171314239502","0.6564171314239502","0.6564171314239502"
"424","0.08542916178703308","0.08542916178703308","0.08542916178703308"
"425","0.102017343044281","0.102017343044281","0.102017343044281"
"426","0.7304873466491699","0.7304873466491699","0.7304873466491699"
"427","-0.41894495487213135","-0.41894495487213135","-0.41894495487213135"
"428","-0.16026601195335388","-0.16026601195335388","-0.16026601195335388"
"429","0.5475033521652222","0.5475033521652222","0.5475033521652222"
"430","-0.552696168422699","-0.552696168422699","-0.552696168422699"
"431","0.33517780900001526","0.33517780900001526","0.33517780900001526"
"432","-1.217030644416809","-1.217030644416809","-1.217030644416809"
"433","0.09721580892801285","0.09721580892801285","0.09721580892801285"
"434","0.9967235326766968","0.9967235326766968","0.9967235326766968"
"435","-2.696909189224243","-2.696909189224243","-2.696909189224243"
"436","-1.644142985343933","-1.644142985343933","-1.644142985343933"
"437","0.04440714418888092","0.04440714418888092","0.04440714418888092"
"438","0.14417780935764313","0.14417780935764313","0.14417780935764313"
"439","1.1631231307983398","1.1631231307983398","1.1631231307983398"
"440","-3.0090036392211914","-3.0090036392211914","-3.0090036392211914"
"441","0.4096497893333435","0.4096497893333435","0.4096497893333435"
"442","0.6182217597961426","0.6182217597961426","0.6182217597961426"
"443","-0.4626706838607788","-0.4626706838607788","-0.4626706838607788"
"444","0.0849975049495697","0.0849975049495697","0.0849975049495697"
"445","0.4553259611129761","0.4553259611129761","0.4553259611129761"
"446","0.40464526414871216","0.40464526414871216","0.40464526414871216"
"447","1.2049145698547363","1.2049145698547363","1.2049145698547363"
"448","0.005286902189254761","0.005286902189254761","0.005286902189254761"
"449","1.2947087287902832","1.2947087287902832","1.2947087287902832"
"450","1.4709346294403076","1.4709346294403076","1.4709346294403076"
"451","-1.0003374814987183","-1.0003374814987183","-1.0003374814987183"
"452","0.20277312397956848","0.20277312397956848","0.20277312397956848"
"453","0.933282732963562","0.933282732963562","0.933282732963562"
"454","0.4890561103820801","0.4890561103820801","0.4890561103820801"
"455","-0.6944907903671265","-0.6944907903671265","-0.6944907903671265"
"456","0.7706881761550903","0.7706881761550903","0.7706881761550903"
"457","-0.9437152147293091","-0.9437152147293091","-0.9437152147293091"
"458","-0.25333765149116516","-0.25333765149116516","-0.25333765149116516"
"459","0.06431041657924652","0.06431041657924652","0.06431041657924652"
"460","0.8099942803382874","0.8099942803382874","0.8099942803382874"
"461","0.9729564189910889","0.9729564189910889","0.9729564189910889"
"462","-0.6079964637756348","-0.6079964637756348","-0.6079964637756348"
"463","0.4374675750732422","0.4374675750732422","0.4374675750732422"
"464","-1.3208180665969849","-1.3208180665969849","-1.3208180665969849"
"465","0.8677607178688049","0.8677607178688049","0.8677607178688049"
"466","-1.1836726665496826","-1.1836726665496826","-1.1836726665496826"
"467","0.25082695484161377","0.25082695484161377","0.25082695484161377"
"468","-1.0695643424987793","-1.0695643424987793","-1.0695643424987793"
"469","0.012065201997756958","0.012065201997756958","0.012065201997756958"
"470","-0.23989105224609375","-0.23989105224609375","-0.23989105224609375"
"471","0.6935411691665649","0.6935411691665649","0.6935411691665649"
"472","-2.1256704330444336","-2.1256704330444336","-2.1256704330444336"
"473","-0.054743170738220215","-0.054743170738220215","-0.054743170738220215"
"474","0.45458561182022095","0.45458561182022095","0.45458561182022095"
"475","-1.5970326662063599","-1.5970326662063599","-1.5970326662063599"
"476","0.8343403339385986","0.8343403339385986","0.8343403339385986"
"477","0.8070722222328186","0.8070722222328186","0.8070722222328186"
"478","-0.8617122173309326","-0.8617122173309326","-0.8617122173309326"
"479","-0.14171910285949707","-0.14171910285949707","-0.14171910285949707"
"480","0.029033511877059937","0.029033511877059937","0.029033511877059937"
"481","0.4400833547115326","0.4400833547115326","0.4400833547115326"
"482","-0.49340999126434326","-0.49340999126434326","-0.49340999126434326"
"483","-2.3509175777435303","-2.3509175777435303","-2.3509175777435303"
"484","0.3825221657752991","0.3825221657752991","0.3825221657752991"
"485","-1.5580581426620483","-1.5580581426620483","-1.5580581426620483"
"486","-0.7251664400100708","-0.7251664400100708","-0.7251664400100708"
"487","0.3625311553478241","0.3625311553478241","0.3625311553478241"
"488","1.0642938613891602","1.0642938613891602","1.0642938613891602"
"489","-2.251755714416504","-2.251755714416504","-2.251755714416504"
"490","-0.8140502572059631","-0.8140502572059631","-0.8140502572059631"
"491","-1.2268385887145996","-1.2268385887145996","-1.2268385887145996"
"492","0.5019484162330627","0.5019484162330627","0.5019484162330627"
"493","-0.16205930709838867","-0.16205930709838867","-0.16205930709838867"
"494","0.3111708462238312","0.3111708462238312","0.3111708462238312"
"495","-1.258998155593872","-1.258998155593872","-1.258998155593872"
"496","-0.15771746635437012","-0.15771746635437012","-0.15771746635437012"
"497","0.6638773679733276","0.6638773679733276","0.6638773679733276"
"498","-0.3644702732563019","-0.3644702732563019","-0.3644702732563019"
"499","1.1271363496780396","1.1271363496780396","1.1271363496780396"